,bill_length_mm,bill_depth_mm,flipper_length_mm,body_mass_g
bill_length_mm,1.0,-0.22340166499234576,0.6437133501808063,0.5735856612881199
bill_depth_mm,-0.22340166499234576,1.0,-0.5841870106347007,-0.46661481759461326
flipper_length_mm,0.6437133501808063,-0.5841870106347007,1.0,0.8675382786785825
body_mass_g,0.5735856612881199,-0.46661481759461326,0.8675382786785825,1.0
