column,count,mean,std,min,p25,median,p75,max
bill_length_mm,309.0,44.06666666666667,5.539564503801259,32.1,39.3,44.9,48.7,59.6
bill_depth_mm,342.0,17.151169590643278,1.9747931568167816,13.1,15.6,17.3,18.7,21.5
flipper_length_mm,327.0,200.93577981651376,14.036067844675287,172.0,190.0,197.0,213.0,231.0
body_mass_g,324.0,4206.79012345679,793.9351412093077,2700.0,3568.75,4050.0,4750.0,6300.0
