{
  "target": "body_mass_g",
  "dtype": "float64",
  "missing_rate": 0.05813953488372093,
  "n_unique": 93,
  "mean": 4206.79012345679,
  "std": 793.9351412093077,
  "min": 2700.0,
  "max": 6300.0
}